{"cameraMode":{"drawMode":0,"name":"Shaded","section":"Shading Mode"},"sceneLighting":true,"audioPlay":false,"sceneViewState":{"showFog":true,"showMaterialUpdate":false,"showSkybox":true,"showFlares":true,"showImageEffects":true,"showParticleSystems":true},"in2DMode":false,"pivot":{"x":0.29768696427345278,"y":-0.3246340751647949,"z":-0.1614905446767807},"rotation":{"x":0.590665340423584,"y":0.030240902677178384,"z":-0.022160347551107408,"w":0.8060453534126282},"size":4.18596076965332,"orthographic":false}